function,l0 complexity,lz complexity
0,1204.918701171875,49.0
1,880.6156005859375,56.5
2,1172.680908203125,54.0
3,949.4952392578125,61.5
4,763.226806640625,54.0
5,607.1680908203125,61.5
6,987.3735961914062,59.0
7,629.2667236328125,59.0
8,738.302490234375,54.0
9,2.267174005508423,61.5
